policy_id,driver_age,vehicle_age,vehicle_type,vehicle_make,past_claims,accident_type,region,claim_severity
1,47,9,SUV,Regular,1,Moderate,Suburban,11243.441885622986
2,37,7,Sports,High-end,2,Minor,Urban,11376.746736377558
3,49,5,SUV,High-end,0,Minor,Urban,7977.0345970488725
4,62,3,Sports,Regular,1,Minor,Rural,2214.3960591908317
5,36,7,Sports,High-end,1,Moderate,Urban,21292.065160355254
6,36,6,Truck,High-end,2,Minor,Rural,8315.49891102775
7,63,7,Sports,Regular,0,Minor,Urban,4754.121644622683
8,51,6,SUV,Regular,1,Minor,Rural,4203.401794903767
9,32,8,Truck,Regular,1,Minor,Suburban,5006.109944687293
10,48,3,Sedan,High-end,0,Minor,Rural,1905.5661517517558
11,33,8,Sedan,High-end,2,Moderate,Rural,10572.88397185187
12,33,5,Truck,Regular,0,Moderate,Urban,10583.603204837349
13,43,11,SUV,High-end,1,Minor,Urban,8605.873447331152
14,18,2,Sedan,High-end,0,Minor,Urban,6610.916520255224
15,18,10,Sedan,Regular,1,Minor,Suburban,2870.7365932108023
16,31,5,Sports,Regular,0,Moderate,Rural,6005.243853550356
17,24,3,Sports,Regular,0,Minor,Suburban,4880.347395588751
18,44,3,SUV,High-end,1,Minor,Suburban,5717.885277972273
19,26,4,Truck,High-end,1,Minor,Urban,7005.426511575895
20,18,6,SUV,Regular,1,Moderate,Rural,8359.994435971887
21,61,6,Truck,High-end,0,Moderate,Rural,10670.89431421595
22,36,3,Sedan,Regular,0,Moderate,Urban,7758.139070934016
23,41,4,Sports,Regular,0,Moderate,Suburban,8876.863564647732
24,18,11,SUV,Regular,0,Minor,Urban,6740.580267978341
25,31,10,SUV,Regular,1,Minor,Suburban,4504.349696970005
26,41,6,Truck,High-end,1,Minor,Suburban,9025.068690086597
27,22,5,Truck,Regular,0,Minor,Urban,4549.954229878014
28,45,5,SUV,Regular,1,Minor,Suburban,6230.297429458313
29,30,6,Truck,Regular,0,Minor,Urban,5104.887947089409
30,35,1,SUV,High-end,0,Minor,Suburban,3349.4891104312574
31,30,4,SUV,High-end,0,Severe,Suburban,22968.079350488602
32,67,0,SUV,Regular,0,Moderate,Urban,7325.901388394959
33,39,6,Sedan,Regular,0,Moderate,Suburban,7351.124098380238
34,24,6,Truck,Regular,1,Moderate,Suburban,11448.355918542593
35,52,3,Sports,High-end,0,Minor,Urban,8100.455554145025
36,21,9,Sports,Regular,0,Moderate,Urban,13762.759155187185
37,43,1,Truck,Regular,0,Minor,Suburban,4388.21337766925
38,18,0,SUV,Regular,2,Moderate,Rural,6336.755507454595
39,20,5,Sports,Regular,1,Minor,Urban,7492.10781860842
40,42,8,Sports,High-end,0,Severe,Urban,35646.26942620854
41,51,10,Truck,Regular,0,Minor,Urban,6296.981717009852
42,42,3,Sports,High-end,0,Minor,Suburban,5830.16417485497
43,38,8,SUV,Regular,0,Severe,Urban,21813.30963717853
44,35,4,Truck,Regular,0,Minor,Urban,5303.087347889095
45,18,4,SUV,Regular,0,Moderate,Suburban,8159.857745849296
46,29,7,Sports,Regular,1,Moderate,Suburban,11623.809993350222
47,33,6,Sports,High-end,0,Moderate,Urban,16551.55914712328
48,55,0,SUV,Regular,1,Severe,Suburban,14823.256690528056
49,45,9,Sedan,Regular,0,Severe,Suburban,16491.370418416904
50,18,9,Sports,High-end,2,Minor,Urban,13312.413510548216
51,44,3,Sedan,High-end,1,Moderate,Urban,12975.40356857364
52,34,6,Sports,Regular,1,Moderate,Rural,8010.851801327466
53,29,6,Sedan,High-end,0,Moderate,Urban,10902.88643377502
54,49,5,Sedan,Regular,0,Minor,Suburban,3165.924748728923
55,55,3,Sedan,Regular,0,Moderate,Rural,5034.941038367899
56,53,2,SUV,Regular,1,Severe,Urban,17030.01331875688
57,27,4,Sedan,High-end,0,Severe,Urban,22137.768190368482
58,35,8,Sedan,Regular,0,Minor,Suburban,3806.389482073414
59,44,6,Sedan,Regular,1,Minor,Rural,1861.6932247089455
60,54,3,Sports,High-end,1,Minor,Rural,6211.293017451722
61,32,7,Sedan,Regular,0,Moderate,Suburban,7613.528242521521
62,37,0,Sports,Regular,0,Moderate,Urban,9171.46931759039
63,23,8,Sedan,Regular,0,Minor,Suburban,5002.648103261692
64,22,0,Sedan,High-end,2,Minor,Suburban,3732.596206503048
65,52,3,SUV,Regular,0,Minor,Suburban,3917.9504221318516
66,60,1,Sports,High-end,0,Minor,Urban,5917.219293603225
67,38,1,Sedan,High-end,1,Severe,Urban,19675.91864176691
68,55,8,Sports,Regular,0,Moderate,Suburban,9869.06916626221
69,45,3,Sports,Regular,0,Minor,Suburban,3370.439816425755
70,30,6,Truck,High-end,1,Minor,Urban,7817.504181258862
71,45,4,SUV,High-end,0,Minor,Urban,6265.8496892888115
72,63,6,SUV,High-end,0,Severe,Rural,19557.154486331383
73,39,5,SUV,High-end,0,Minor,Suburban,5303.840961294298
74,63,1,Truck,High-end,2,Minor,Urban,5785.374293230408
75,18,7,Truck,High-end,0,Minor,Urban,9827.317846495162
76,52,3,SUV,Regular,0,Moderate,Urban,7442.90986638496
77,41,0,Truck,Regular,0,Moderate,Rural,5141.2795728953715
78,35,3,Truck,Regular,0,Moderate,Suburban,7921.536506940712
79,41,9,Truck,Regular,1,Minor,Suburban,5383.360418402783
80,18,7,SUV,High-end,0,Minor,Suburban,7776.679547521476
81,36,3,SUV,Regular,0,Minor,Urban,4619.003143392759
82,45,3,SUV,Regular,0,Moderate,Rural,4658.690420302892
83,62,4,Truck,Regular,0,Minor,Suburban,6078.562173991662
84,32,11,SUV,Regular,0,Minor,Urban,5774.333463338233
85,27,6,Truck,Regular,1,Moderate,Urban,11006.659773378493
86,32,6,Sedan,Regular,0,Moderate,Suburban,7463.925423055571
87,53,8,Truck,High-end,2,Minor,Rural,6801.4509459300725
88,44,5,Sports,Regular,1,Minor,Urban,6586.728192939328
89,32,4,SUV,Regular,0,Minor,Rural,5372.183998600687
90,47,4,SUV,Regular,0,Moderate,Suburban,6924.878571744954
91,41,4,Sports,Regular,1,Moderate,Urban,11562.239105982606
92,54,4,Truck,High-end,0,Minor,Urban,7136.578512012464
93,29,7,Sedan,Regular,0,Minor,Urban,5121.515935581038
94,35,5,Sports,Regular,1,Moderate,Suburban,8805.9659698096
95,34,7,Sports,Regular,0,Moderate,Urban,10184.444108523494
96,18,4,Truck,Regular,1,Minor,Urban,5075.684729379853
97,44,5,SUV,High-end,2,Minor,Suburban,5116.077040940712
98,43,0,Truck,Regular,1,Minor,Suburban,3150.168652474362
99,40,7,Sports,Regular,0,Minor,Urban,6577.49969612929
100,36,6,Sports,Regular,0,Severe,Suburban,18609.251136447736
101,18,7,SUV,Regular,0,Moderate,Suburban,7483.173423218657
102,33,0,SUV,Regular,0,Moderate,Suburban,6069.337161715348
103,34,11,SUV,Regular,1,Minor,Rural,4954.543484615171
104,27,4,Truck,High-end,0,Moderate,Urban,12345.026561483388
105,37,8,SUV,Regular,0,Minor,Rural,4180.232398305984
106,46,1,Sports,Regular,1,Minor,Suburban,5148.556203738326
107,68,6,Sports,Regular,0,Minor,Suburban,5829.085102156628
108,42,1,Sedan,Regular,0,Minor,Suburban,3843.4802148716863
109,43,3,Truck,Regular,0,Moderate,Suburban,9677.013924659615
110,38,10,Sedan,High-end,0,Minor,Urban,6393.907951380945
111,18,4,Sports,Regular,0,Minor,Suburban,5059.571580077858
112,39,5,Sedan,High-end,0,Minor,Suburban,4271.061566751974
113,40,7,Sports,Regular,0,Minor,Suburban,5064.476844755811
114,76,6,Sedan,High-end,0,Minor,Urban,7382.873355636311
115,37,5,SUV,Regular,0,Minor,Rural,1654.9855160693312
116,44,6,Sedan,Regular,1,Moderate,Suburban,6288.9503278344255
117,39,12,SUV,High-end,0,Minor,Urban,10017.180936504561
118,22,4,SUV,Regular,0,Minor,Suburban,4980.03650690209
119,57,5,Truck,Regular,1,Minor,Suburban,4105.618353182922
120,51,8,SUV,High-end,0,Moderate,Suburban,13454.40200112072
121,51,8,SUV,Regular,1,Minor,Suburban,4961.2158424920335
122,26,8,Sedan,Regular,1,Minor,Rural,4580.274609000989
123,61,6,Sports,Regular,1,Minor,Urban,6509.509593826773
124,18,1,Truck,High-end,1,Minor,Suburban,7219.319613872583
125,48,9,SUV,High-end,0,Minor,Rural,7862.01191049262
126,72,1,Truck,High-end,1,Moderate,Rural,9607.099155047466
127,25,5,Sedan,High-end,0,Moderate,Suburban,10361.828165794843
128,31,2,SUV,High-end,1,Minor,Rural,5078.4469852209795
129,41,4,Sedan,Regular,0,Moderate,Urban,6834.719141796115
130,32,5,Truck,Regular,0,Moderate,Rural,8887.967705524732
131,18,5,Sedan,Regular,1,Minor,Urban,4717.571037695981
132,41,6,Truck,Regular,0,Minor,Urban,4797.066679774487
133,24,9,Sedan,High-end,1,Minor,Urban,7059.560994979965
134,47,6,Truck,High-end,1,Minor,Suburban,8068.47019160644
135,26,4,Sports,Regular,0,Moderate,Urban,11667.18741282774
136,63,7,Sedan,High-end,1,Moderate,Urban,12867.64562858591
137,28,8,Sedan,Regular,0,Severe,Urban,17376.451345122423
138,35,1,Sports,Regular,0,Moderate,Urban,7941.444031787143
139,52,6,Sports,Regular,1,Minor,Suburban,5547.470575073156
140,21,7,Sedan,Regular,0,Minor,Suburban,4165.256352076695
141,43,4,Sports,Regular,0,Moderate,Urban,12507.329809559224
142,59,9,SUV,Regular,0,Minor,Suburban,3579.1811972713103
143,18,4,Truck,Regular,0,Moderate,Rural,5585.647371197676
144,42,5,Truck,Regular,2,Moderate,Suburban,8854.572039074958
145,43,4,Truck,Regular,0,Moderate,Urban,8023.43149968508
146,51,5,SUV,Regular,0,Moderate,Suburban,8836.657357758982
147,21,1,Sports,Regular,0,Minor,Urban,6746.139295024037
148,20,0,Sports,Regular,1,Moderate,Urban,11210.21657794883
149,47,9,Sedan,Regular,0,Moderate,Urban,9921.294945685147
150,44,2,Sports,Regular,1,Minor,Rural,3763.958380580236
151,43,2,Sedan,High-end,1,Moderate,Urban,10794.888352299235
152,45,0,SUV,Regular,2,Minor,Urban,3986.962380946238
153,29,3,Truck,Regular,1,Severe,Urban,19423.609008622436
154,43,1,Truck,Regular,0,Minor,Rural,1182.1984436909688
155,44,9,Truck,High-end,0,Minor,Suburban,7333.004763607339
156,29,8,Sports,Regular,0,Minor,Urban,6259.6660897859565
157,67,2,Sedan,Regular,0,Moderate,Suburban,6245.360724077876
158,47,11,Sedan,Regular,0,Minor,Suburban,3968.5234964386095
159,22,7,SUV,Regular,0,Minor,Suburban,4292.296298430908
160,49,4,Sports,Regular,0,Minor,Urban,4528.806969992369
161,25,0,SUV,Regular,0,Severe,Rural,10632.153236821761
162,51,11,Sedan,Regular,1,Minor,Urban,5853.237230816162
163,57,0,Sedan,High-end,0,Minor,Suburban,2606.6610089161395
164,27,0,Truck,Regular,0,Moderate,Urban,7887.473753680739
165,54,8,Sports,High-end,0,Minor,Urban,9683.042951529484
166,46,12,Sedan,Regular,1,Severe,Urban,20401.935216381735
167,52,9,Truck,High-end,0,Minor,Suburban,6480.893695092
168,68,6,Sports,High-end,1,Moderate,Urban,19535.610848766213
169,36,6,SUV,High-end,0,Minor,Suburban,4716.578981707377
170,28,7,Sports,High-end,0,Minor,Urban,9462.423715249393
171,26,7,Sports,Regular,1,Moderate,Suburban,10242.1456263408
172,27,5,Sedan,Regular,0,Minor,Rural,3562.8536930332166
173,38,5,Sedan,Regular,0,Moderate,Suburban,8587.8277453883
174,45,4,Sports,High-end,0,Minor,Suburban,5889.243198298181
175,44,2,Sedan,High-end,0,Minor,Suburban,4659.207862374675
176,52,4,Sedan,High-end,0,Minor,Urban,4673.258095117981
177,40,0,Sedan,High-end,0,Severe,Rural,13040.954173797789
178,61,4,Truck,Regular,2,Minor,Urban,4350.741590914785
179,36,2,Truck,High-end,1,Minor,Suburban,6379.336758427714
180,80,1,Sports,Regular,0,Minor,Suburban,3064.511033110647
181,49,5,Sedan,High-end,1,Minor,Urban,5980.515410901632
182,27,9,Truck,High-end,1,Minor,Urban,8299.724724852693
183,23,7,Sports,Regular,1,Severe,Suburban,25324.850470895763
184,47,0,Sedan,Regular,2,Minor,Rural,1563.0196455604132
185,36,2,SUV,High-end,1,Moderate,Rural,9263.964259331828
186,50,7,Sedan,High-end,0,Minor,Suburban,4718.401971737667
187,47,2,Sedan,Regular,0,Moderate,Suburban,5385.527628201137
188,38,4,Truck,High-end,0,Severe,Rural,18867.75590740013
189,27,6,Sports,High-end,2,Minor,Urban,9768.17532834115
190,18,2,Sports,Regular,2,Severe,Urban,26346.36711354089
191,33,5,Truck,Regular,1,Minor,Suburban,5999.084564354411
192,52,0,Sedan,Regular,1,Severe,Rural,8021.9052141672855
193,43,3,SUV,Regular,0,Moderate,Rural,6691.810143273845
194,21,5,Sedan,Regular,0,Minor,Suburban,4935.597633487784
195,42,0,Sedan,Regular,1,Minor,Urban,2483.8450109719565
196,45,6,SUV,Regular,0,Minor,Suburban,2444.9453949094477
197,26,4,Truck,Regular,0,Minor,Urban,4981.9609001717645
198,42,6,Sports,High-end,1,Minor,Urban,9105.092477233127
199,40,5,Truck,Regular,0,Minor,Suburban,5931.103219163002
200,22,9,Truck,Regular,0,Minor,Urban,6255.307540499833
201,45,5,Sedan,Regular,0,Moderate,Rural,4197.80059196482
202,48,3,Sports,Regular,2,Minor,Suburban,4027.8404889882886
203,56,5,Sports,Regular,0,Minor,Suburban,5777.404959090831
204,55,6,Truck,High-end,1,Moderate,Urban,16159.816025915814
205,19,5,SUV,Regular,1,Minor,Urban,5488.828799460428
206,25,5,Truck,High-end,1,Minor,Urban,9803.927745112482
207,47,2,SUV,Regular,0,Minor,Rural,2155.74164806917
208,47,3,Sports,High-end,1,Severe,Rural,22724.071171259842
209,47,0,Truck,Regular,0,Moderate,Suburban,6483.43159017748
210,80,10,Sedan,High-end,0,Minor,Urban,7433.324511516092
211,48,1,Truck,Regular,1,Moderate,Rural,6596.744335510327
212,57,2,Sports,Regular,0,Minor,Urban,4729.886268745171
213,54,2,Sedan,High-end,0,Moderate,Urban,9963.649061496517
214,49,7,Sedan,Regular,0,Moderate,Suburban,6378.220988476512
215,35,4,SUV,Regular,1,Moderate,Rural,4858.387593080556
216,51,8,Sedan,High-end,0,Minor,Urban,6557.600857398129
217,28,2,Sedan,Regular,1,Minor,Urban,5522.191760833068
218,36,5,Truck,High-end,0,Minor,Rural,3991.280859308937
219,32,2,Sports,Regular,0,Moderate,Urban,9126.970290397298
220,41,11,SUV,Regular,0,Minor,Urban,4709.272228356259
221,74,1,Truck,Regular,0,Moderate,Suburban,7549.591778723123
222,18,5,Sedan,Regular,0,Severe,Rural,11448.48545419644
223,50,6,Sedan,High-end,0,Minor,Suburban,4716.462307583543
224,18,6,SUV,High-end,0,Moderate,Rural,9377.980938361035
225,32,4,Sports,Regular,0,Moderate,Suburban,9092.376791639925
226,56,4,SUV,Regular,0,Severe,Urban,15715.377872664196
227,40,5,Truck,Regular,0,Severe,Rural,13143.426566857494
228,23,4,SUV,Regular,1,Moderate,Suburban,9583.524386087935
229,29,7,Sedan,Regular,0,Minor,Urban,2798.800863366322
230,50,11,Truck,Regular,0,Moderate,Suburban,8542.481723170336
231,29,3,Sedan,Regular,0,Minor,Urban,5029.437891694859
232,43,0,Sports,Regular,0,Moderate,Urban,8388.240360495414
233,40,4,Sedan,Regular,0,Severe,Urban,15535.947845943821
234,30,12,Sedan,High-end,1,Minor,Suburban,6446.00233480217
235,72,2,SUV,Regular,1,Moderate,Rural,5646.0451830586735
236,49,9,Sedan,Regular,0,Minor,Suburban,4063.4126994966455
237,18,10,Truck,Regular,0,Minor,Rural,3406.0011432535593
238,42,3,Truck,High-end,0,Minor,Urban,6859.997143495645
239,30,6,Sports,Regular,0,Moderate,Urban,11318.510585175907
240,52,9,Truck,Regular,1,Severe,Urban,23561.506556594974
241,28,3,SUV,Regular,2,Severe,Urban,20209.4820747264
242,38,4,Sports,High-end,0,Minor,Urban,7836.692193122084
243,47,3,Truck,High-end,0,Moderate,Suburban,11055.475171555292
244,52,1,SUV,Regular,0,Moderate,Rural,3829.839056585842
245,21,3,Truck,Regular,0,Minor,Rural,4880.400367762804
246,34,1,Truck,Regular,0,Minor,Urban,4971.714186386116
247,32,5,Sedan,Regular,0,Minor,Rural,3464.155884171979
248,30,2,Truck,High-end,0,Severe,Urban,25434.55529755832
249,66,5,Truck,Regular,3,Moderate,Urban,10945.81711049658
250,46,0,SUV,High-end,0,Moderate,Rural,9152.917382489512
251,21,5,SUV,Regular,0,Minor,Suburban,4063.9024919941317
252,53,7,Sedan,Regular,0,Moderate,Urban,7351.200203979946
253,71,0,Truck,Regular,0,Minor,Suburban,3666.8015744831137
254,55,6,Sedan,Regular,1,Minor,Urban,5457.120788003298
255,18,8,Truck,Regular,0,Moderate,Suburban,9986.949443914535
256,32,1,Sports,Regular,0,Minor,Suburban,5216.075167939374
257,59,10,Sports,High-end,0,Moderate,Rural,14582.999938516868
258,29,6,Sedan,Regular,0,Minor,Urban,2823.6188125979415
259,46,2,Sedan,Regular,0,Moderate,Urban,5926.2098943405235
260,51,4,Sedan,High-end,0,Minor,Suburban,5457.537163279768
261,26,6,SUV,Regular,0,Minor,Suburban,1187.3874361895619
262,39,5,SUV,Regular,1,Minor,Urban,4800.544306835011
263,18,6,SUV,Regular,1,Minor,Suburban,3288.168798375328
264,24,2,Sedan,Regular,0,Severe,Rural,9203.446198566477
265,36,5,Truck,Regular,0,Minor,Rural,2951.179910970796
266,21,0,Sports,High-end,0,Moderate,Rural,9541.755622092493
267,64,4,Sedan,High-end,0,Severe,Rural,13847.738747887392
268,18,2,SUV,Regular,1,Minor,Suburban,2895.8563503711866
269,33,2,SUV,Regular,0,Minor,Rural,4931.911266818686
270,41,8,Sedan,High-end,0,Moderate,Urban,14467.46200416135
271,61,8,Sedan,Regular,1,Severe,Urban,17317.934179743716
272,18,6,SUV,Regular,0,Severe,Urban,22174.11675130357
273,57,1,Truck,Regular,0,Minor,Suburban,3013.0345095271473
274,40,4,SUV,High-end,2,Moderate,Urban,15681.18747333171
275,25,8,SUV,Regular,2,Minor,Rural,4371.926040103083
276,46,5,Sedan,Regular,0,Severe,Urban,14340.251358746034
277,42,11,Truck,Regular,0,Severe,Urban,25163.852343606148
278,30,6,SUV,Regular,1,Minor,Suburban,4415.886530576658
279,41,5,SUV,Regular,1,Minor,Urban,4473.448576780758
280,34,4,Sports,Regular,1,Minor,Urban,4635.410556199528
281,41,5,Sedan,High-end,0,Minor,Urban,4731.40498628088
282,49,4,Sports,Regular,2,Moderate,Suburban,9158.619884397904
283,63,7,Sports,Regular,0,Minor,Suburban,5074.72354841517
284,21,7,SUV,Regular,1,Minor,Suburban,3703.8344077156044
285,71,2,Sedan,High-end,0,Minor,Suburban,3859.439487481459
286,18,1,Truck,High-end,0,Severe,Suburban,23892.60185361037
287,37,0,SUV,Regular,0,Moderate,Urban,8399.299572921585
288,48,6,Truck,Regular,0,Minor,Urban,5037.723105897382
289,44,1,Truck,Regular,1,Minor,Suburban,3666.6652738568505
290,30,0,Sedan,Regular,1,Severe,Urban,15079.87454942101
291,36,6,Sports,Regular,0,Moderate,Urban,12220.756120358712
292,32,12,Sedan,Regular,0,Minor,Suburban,3672.193540123477
293,31,4,Truck,Regular,4,Minor,Suburban,4033.981882879548
294,52,7,SUV,Regular,0,Minor,Urban,5253.873218164743
295,45,5,Truck,Regular,1,Minor,Urban,6191.823772582862
296,29,4,SUV,High-end,0,Minor,Rural,3688.348475486356
297,53,7,SUV,Regular,0,Severe,Rural,13251.202755138032
298,44,4,Sedan,Regular,0,Minor,Suburban,2636.4267050849708
299,52,5,Truck,High-end,0,Moderate,Suburban,12003.467600800997
300,49,5,Sports,High-end,0,Minor,Suburban,4543.427942437669
301,27,2,Truck,Regular,0,Moderate,Rural,5498.218596283865
302,31,7,Truck,High-end,0,Moderate,Rural,11499.369302408055
303,51,4,Sports,High-end,0,Minor,Urban,7468.5974444334415
304,49,2,Sedan,Regular,0,Minor,Rural,2252.5263682153163
305,39,6,Truck,Regular,1,Moderate,Urban,10398.049293308079
306,41,2,Truck,Regular,0,Minor,Urban,4650.441676292773
307,59,5,SUV,High-end,1,Minor,Suburban,5970.976802463827
308,31,4,Truck,High-end,0,Minor,Suburban,4910.758459317993
309,48,8,Sports,Regular,1,Severe,Rural,19812.55146766513
310,36,6,SUV,Regular,1,Minor,Urban,6076.932013532215
311,36,4,Sedan,Regular,1,Moderate,Suburban,5995.093236071826
312,56,7,SUV,Regular,0,Minor,Rural,3737.7883094177773
313,52,9,Sports,Regular,0,Moderate,Rural,9237.412002820382
314,52,6,Sports,High-end,0,Minor,Urban,9417.301235011177
315,59,5,SUV,Regular,0,Moderate,Urban,7305.7441040049225
316,40,1,Sedan,High-end,0,Minor,Suburban,4944.106541032628
317,50,1,SUV,Regular,0,Moderate,Urban,6990.301037074269
318,35,4,Sedan,Regular,0,Moderate,Rural,4442.172066558733
319,44,3,SUV,Regular,0,Minor,Rural,5397.8817522602
320,38,4,Sports,High-end,0,Minor,Urban,8401.873380721012
321,41,5,Truck,High-end,1,Minor,Urban,7657.427524552825
322,48,6,Truck,Regular,0,Minor,Urban,2864.705627244094
323,27,4,Sedan,High-end,1,Moderate,Rural,9309.764133946357
324,71,6,Sedan,Regular,0,Minor,Urban,2554.790329191397
325,24,5,Sedan,High-end,0,Minor,Suburban,4152.811096500496
326,21,0,Sports,Regular,1,Moderate,Suburban,8743.64770091215
327,57,2,SUV,Regular,0,Minor,Suburban,4716.411791700292
328,51,4,Sports,Regular,0,Minor,Urban,6173.23998666576
329,49,1,Truck,Regular,1,Minor,Urban,4346.66249015974
330,49,6,Sedan,High-end,0,Severe,Rural,15908.29206363882
331,39,9,SUV,High-end,1,Moderate,Rural,10883.614307128895
332,26,8,Truck,Regular,1,Moderate,Suburban,10149.653689565352
333,41,4,Truck,Regular,1,Minor,Urban,5221.336744778137
334,29,9,Truck,Regular,2,Moderate,Urban,14540.769895681353
335,54,5,Sports,High-end,0,Minor,Suburban,7998.42812243895
336,37,3,Sedan,High-end,0,Minor,Urban,5668.977382205645
337,27,3,Truck,High-end,0,Minor,Rural,4122.6524424538975
338,35,4,Sedan,Regular,0,Minor,Suburban,3741.8222943901264
339,46,3,Sports,High-end,0,Minor,Urban,7670.531533796953
340,31,5,Truck,Regular,0,Minor,Rural,2168.0856312868673
341,27,5,Sports,High-end,0,Minor,Rural,5221.712208089061
342,43,5,Sports,Regular,0,Minor,Urban,5709.526983784324
343,43,6,Sedan,Regular,1,Moderate,Suburban,8060.215783664747
344,32,8,Truck,Regular,0,Minor,Urban,5276.471827842847
345,32,7,Sports,Regular,0,Moderate,Urban,10940.801288760395
346,43,0,Truck,Regular,0,Minor,Urban,3956.7416832968192
347,18,0,Sedan,Regular,0,Moderate,Suburban,5613.456040056552
348,18,7,Sports,Regular,0,Minor,Rural,4640.837628902754
349,29,0,Sedan,Regular,0,Minor,Suburban,3419.87151595443
350,36,4,Truck,Regular,1,Minor,Urban,6166.923240089898
351,44,1,Truck,High-end,1,Moderate,Suburban,10667.039127618333
352,62,0,Sedan,Regular,2,Moderate,Urban,6583.856541951057
353,52,6,SUV,High-end,0,Minor,Rural,3639.801289044527
354,37,7,Sports,High-end,1,Minor,Suburban,9051.940670280477
355,39,3,Truck,Regular,0,Moderate,Urban,10418.820108337715
356,24,0,Truck,Regular,1,Moderate,Urban,9122.918072091077
357,39,3,Sports,Regular,3,Minor,Suburban,5364.819435275007
358,35,6,Sedan,Regular,1,Minor,Urban,5756.782556898976
359,44,0,Sedan,Regular,0,Minor,Suburban,3005.5578532150075
360,27,5,Sedan,Regular,1,Moderate,Urban,8686.235704801054
361,47,4,SUV,High-end,0,Minor,Urban,5289.083494026273
362,62,6,SUV,High-end,0,Severe,Suburban,24078.72806927942
363,38,5,Truck,Regular,1,Minor,Rural,2645.8636594902423
364,46,2,Sedan,High-end,1,Minor,Rural,2495.9798140650423
365,50,8,Sports,High-end,1,Minor,Urban,10048.228423233288
366,33,4,Truck,Regular,0,Severe,Urban,18134.20727655131
367,43,4,Sports,Regular,0,Moderate,Urban,10578.400305614961
368,40,2,Truck,Regular,0,Minor,Suburban,2134.0183654750813
369,41,3,SUV,Regular,2,Moderate,Suburban,9238.816306467672
370,28,2,Truck,Regular,0,Minor,Rural,3987.686294516429
371,40,4,SUV,High-end,1,Minor,Rural,2804.6575258591856
372,47,10,Truck,High-end,2,Minor,Urban,11508.45780566655
373,61,0,Sedan,Regular,0,Minor,Suburban,1689.4713701783737
374,54,0,Sports,Regular,1,Minor,Rural,4156.975536982786
375,72,9,Sedan,Regular,0,Severe,Rural,11531.553507333585
376,28,4,Truck,High-end,0,Minor,Urban,7048.775564080998
377,53,2,Truck,Regular,0,Severe,Urban,16974.90235057878
378,42,8,Truck,Regular,0,Minor,Suburban,5762.129204233486
379,72,3,SUV,Regular,0,Moderate,Urban,7040.411987474972
380,27,10,Sports,Regular,1,Minor,Urban,8032.84033873501
381,27,7,Sports,Regular,0,Minor,Urban,7176.33016488955
382,31,3,Truck,Regular,0,Minor,Suburban,4453.840080540411
383,18,11,Truck,Regular,0,Minor,Urban,8974.198914323417
384,32,3,SUV,Regular,0,Moderate,Urban,7751.053237275301
385,28,7,Sedan,Regular,2,Minor,Urban,5817.304822593531
386,42,5,Sedan,Regular,2,Moderate,Rural,5893.90936465858
387,45,8,Sports,Regular,0,Minor,Rural,5433.4060763526695
388,68,9,SUV,Regular,1,Minor,Suburban,4777.31100427863
389,54,5,Truck,High-end,0,Minor,Suburban,5705.87421813753
390,31,2,Sports,Regular,0,Severe,Rural,14506.072203871629
391,26,6,SUV,Regular,0,Moderate,Urban,8868.43806098107
392,47,2,Sedan,Regular,0,Minor,Urban,1887.2742410994438
393,20,11,SUV,Regular,0,Minor,Urban,5621.153116826172
394,67,5,Sedan,Regular,0,Minor,Urban,4369.0329465885325
395,57,3,SUV,High-end,2,Severe,Urban,31200.03875158709
396,32,5,Sports,Regular,2,Moderate,Rural,9111.129375296512
397,18,0,Sedan,Regular,0,Minor,Suburban,4068.1970672340253
398,60,2,Sports,Regular,2,Minor,Suburban,3591.8250785224063
399,38,8,Sports,Regular,0,Minor,Rural,3756.736535182097
400,58,3,Sedan,Regular,0,Severe,Urban,13511.424882845899
401,18,1,Sedan,Regular,1,Minor,Urban,3696.940572527481
402,31,6,Truck,High-end,0,Moderate,Suburban,12759.094388250196
403,40,8,Truck,Regular,0,Minor,Suburban,5240.910957392192
404,40,7,Truck,Regular,2,Moderate,Urban,12191.19316182951
405,33,7,Sports,Regular,1,Moderate,Suburban,11276.528686953126
406,49,2,Sports,Regular,1,Moderate,Suburban,9029.877109675948
407,23,0,Truck,Regular,2,Moderate,Suburban,7654.1100961088505
408,37,9,Sports,High-end,1,Moderate,Suburban,17830.083310918566
409,41,4,Sports,Regular,1,Minor,Urban,5796.340470102883
410,47,4,Sedan,Regular,1,Minor,Urban,3794.9194349969544
411,50,8,Sedan,Regular,1,Minor,Suburban,3881.759456581451
412,23,6,Sports,Regular,0,Severe,Urban,25815.673540613385
413,18,6,Truck,High-end,1,Minor,Rural,5702.404820892671
414,59,11,SUV,High-end,1,Moderate,Suburban,16617.71473397127
415,44,3,Truck,Regular,0,Moderate,Urban,7800.519370796983
416,28,7,SUV,Regular,1,Minor,Suburban,3734.0298915301037
417,63,5,Truck,High-end,0,Minor,Suburban,8873.713624223556
418,41,5,Sedan,Regular,1,Minor,Urban,3087.00864501077
419,57,9,Sports,Regular,0,Minor,Rural,2996.2453252902415
420,41,6,Sports,Regular,0,Minor,Rural,4634.476745001218
421,70,6,Sedan,Regular,2,Minor,Suburban,1822.8801462261258
422,66,8,SUV,High-end,0,Moderate,Urban,14884.726090027561
423,36,3,SUV,High-end,1,Severe,Suburban,24915.824925076493
424,54,2,SUV,Regular,1,Minor,Suburban,2085.0640778466
425,49,1,Sedan,Regular,2,Minor,Urban,1798.0355142612866
426,60,0,SUV,Regular,0,Minor,Urban,2100.8187980423018
427,25,11,Sedan,Regular,1,Moderate,Rural,8400.359568346987
428,50,1,Truck,Regular,2,Moderate,Urban,10952.776719985814
429,55,4,Truck,Regular,0,Minor,Suburban,3387.411203021491
430,18,4,Sedan,Regular,0,Minor,Suburban,3983.212404001069
431,22,5,Sports,Regular,1,Moderate,Suburban,12734.005327511992
432,18,7,Truck,Regular,1,Moderate,Urban,14528.646414429828
433,35,7,SUV,High-end,0,Minor,Rural,4613.664718820151
434,50,3,Sedan,Regular,0,Moderate,Urban,4598.528282330013
435,62,4,SUV,High-end,0,Minor,Suburban,4579.121077590313
436,41,5,SUV,Regular,1,Minor,Suburban,3698.195805064742
437,64,4,Sports,Regular,0,Moderate,Suburban,8741.06120342161
438,19,9,SUV,Regular,0,Moderate,Rural,7468.14059899128
439,18,6,Sports,Regular,0,Minor,Suburban,6481.394597930669
440,39,7,Truck,High-end,0,Severe,Urban,32864.428426687584
441,45,6,Sedan,High-end,1,Minor,Rural,4118.326346075217
442,39,8,SUV,Regular,0,Moderate,Suburban,9498.484876051818
443,18,5,Sedan,High-end,0,Minor,Urban,6545.16136663109
444,38,1,SUV,Regular,1,Moderate,Urban,8380.505972862571
445,20,6,Sedan,Regular,0,Severe,Rural,12346.544157109964
446,50,3,SUV,Regular,1,Minor,Urban,4626.252048237916
447,45,3,SUV,Regular,0,Severe,Suburban,15857.811177097763
448,25,6,SUV,High-end,0,Moderate,Suburban,11431.58883320544
449,32,8,SUV,Regular,1,Moderate,Urban,10572.829100907982
450,24,5,SUV,Regular,1,Minor,Suburban,4410.98110304605
451,39,5,SUV,High-end,0,Moderate,Urban,13939.45269045799
452,54,10,SUV,Regular,0,Moderate,Suburban,10267.96048710309
453,25,5,SUV,High-end,0,Minor,Suburban,6163.101432763843
454,47,12,SUV,Regular,1,Severe,Suburban,19697.770350493793
455,32,6,Sedan,Regular,0,Minor,Suburban,4092.513896455004
456,28,0,Sports,High-end,0,Minor,Rural,5254.958766141965
457,38,7,SUV,Regular,1,Minor,Suburban,2513.141340620594
458,24,6,Sports,Regular,1,Minor,Urban,7074.695866329202
459,31,8,SUV,Regular,0,Moderate,Urban,8489.858169319701
460,22,7,SUV,Regular,0,Minor,Suburban,3790.3489024979376
461,69,4,Sedan,Regular,0,Severe,Rural,8697.1910730372
462,40,1,Truck,High-end,0,Minor,Rural,4904.264698241986
463,29,4,Truck,Regular,0,Minor,Rural,3236.830174172184
464,43,2,Sedan,High-end,2,Minor,Urban,4654.408999243972
465,38,3,Sports,Regular,0,Minor,Suburban,5192.565962957342
466,36,6,Truck,Regular,0,Severe,Suburban,15466.194176071585
467,49,10,Sedan,Regular,0,Moderate,Urban,9330.113790470943
468,51,6,Sedan,Regular,2,Moderate,Urban,8545.989330708444
469,32,1,Truck,High-end,0,Minor,Rural,3729.32291746948
470,31,6,Sports,Regular,0,Minor,Urban,6354.270748038384
471,35,8,Sedan,High-end,0,Minor,Urban,6821.449399059529
472,18,3,SUV,High-end,0,Minor,Urban,8167.969073555958
473,18,4,Sports,High-end,1,Minor,Rural,6451.7463003285475
474,60,5,Sports,Regular,0,Moderate,Suburban,9681.45086296334
475,64,2,Truck,High-end,0,Minor,Suburban,4924.762677595675
476,36,6,Truck,High-end,1,Moderate,Rural,11335.989882622798
477,48,4,SUV,High-end,0,Minor,Urban,6919.486048008512
478,44,6,Sedan,High-end,0,Minor,Suburban,4776.690152545624
479,80,2,Truck,Regular,0,Moderate,Urban,6776.249515907504
480,56,3,Truck,Regular,0,Minor,Urban,4816.470896330895
481,38,7,Sports,Regular,1,Moderate,Rural,9274.561477355457
482,25,3,Truck,Regular,0,Moderate,Suburban,7542.326523652049
483,18,10,Truck,High-end,1,Minor,Urban,9333.362963927486
484,43,3,Truck,Regular,2,Severe,Urban,23003.879150503966
485,28,5,Truck,Regular,1,Minor,Suburban,4960.195510894402
486,18,7,Sports,High-end,1,Minor,Urban,10797.043969078293
487,30,0,SUV,High-end,2,Moderate,Urban,11822.967116852513
488,23,0,SUV,High-end,0,Minor,Urban,5118.185171578654
489,65,0,Sedan,High-end,2,Moderate,Urban,12102.590396786232
490,53,8,Truck,Regular,1,Moderate,Rural,8145.661940868047
491,39,3,Sports,Regular,0,Severe,Urban,20149.412932999294
492,62,12,Sedan,High-end,0,Minor,Urban,7709.689231224656
493,41,3,Sedan,High-end,0,Minor,Suburban,3498.101812553676
494,27,5,SUV,Regular,1,Moderate,Rural,8100.843030280379
495,62,9,Sports,High-end,1,Minor,Urban,12119.050534896725
496,48,11,Sports,Regular,0,Minor,Urban,6508.425928797224
497,24,11,Sports,Regular,0,Minor,Urban,7043.82975296914
498,37,8,SUV,High-end,0,Minor,Suburban,3681.8668013077204
499,26,8,SUV,High-end,0,Minor,Suburban,4818.419228448632
500,19,6,SUV,Regular,0,Moderate,Rural,5524.530225042244
501,53,7,SUV,Regular,0,Moderate,Rural,6615.190340987386
502,68,3,SUV,Regular,0,Minor,Suburban,3123.76629555864
503,19,2,Truck,Regular,0,Minor,Suburban,2587.1645125847594
504,48,4,Truck,High-end,0,Minor,Suburban,5568.8359575354425
505,30,4,Sports,Regular,2,Moderate,Urban,13465.337147647348
506,32,3,Sedan,Regular,0,Minor,Rural,2827.8393499155873
507,31,7,Sports,High-end,0,Moderate,Urban,16325.329719141118
508,27,7,Sedan,Regular,1,Minor,Urban,4326.736519516169
509,40,5,SUV,High-end,0,Moderate,Suburban,9866.65922302839
510,27,9,Sedan,Regular,0,Minor,Urban,5251.728697140274
511,44,1,Sports,High-end,0,Moderate,Suburban,12596.646416353498
512,39,4,Sports,Regular,0,Minor,Suburban,3601.9727736755417
513,36,2,Sedan,Regular,1,Moderate,Suburban,5283.954797599601
514,26,0,Truck,Regular,1,Minor,Rural,2398.7329495016934
515,31,4,SUV,High-end,0,Moderate,Urban,10707.20660526866
516,51,4,SUV,Regular,1,Moderate,Suburban,8255.968173440577
517,47,9,Sports,Regular,1,Minor,Suburban,5708.405453659871
518,25,6,Truck,Regular,0,Moderate,Suburban,10265.17508256786
519,41,1,Sedan,Regular,1,Minor,Suburban,1789.0907820374478
520,51,10,SUV,Regular,1,Minor,Urban,5320.877051750069
521,18,8,Truck,Regular,1,Minor,Suburban,3998.974741960885
522,48,6,SUV,Regular,0,Minor,Urban,3675.709436505747
523,30,4,Truck,Regular,3,Moderate,Rural,6930.018003931781
524,48,2,Truck,Regular,1,Moderate,Urban,10433.973678846445
525,28,3,Sports,Regular,0,Minor,Suburban,3614.2381512486077
526,18,8,SUV,Regular,0,Minor,Urban,5668.175684744612
527,18,10,Sedan,Regular,0,Moderate,Urban,9519.236596138195
528,40,9,Sports,Regular,0,Severe,Suburban,20480.534733987188
529,43,3,Sports,High-end,0,Minor,Rural,5006.699576828358
530,26,1,Sedan,Regular,0,Severe,Suburban,11099.103331863595
531,49,5,Sports,Regular,1,Minor,Rural,2917.240607456648
532,18,0,Truck,Regular,0,Minor,Suburban,4384.1127907313785
533,39,5,Truck,Regular,0,Moderate,Suburban,7275.279078522304
534,21,4,SUV,Regular,1,Minor,Urban,4744.21607392716
535,30,3,SUV,Regular,1,Minor,Rural,3566.6831230100483
536,40,0,Sedan,Regular,0,Minor,Urban,2336.563842780512
537,27,6,SUV,Regular,0,Moderate,Rural,6277.574859335866
538,34,3,Truck,Regular,0,Moderate,Rural,5665.309171211908
539,55,1,Sedan,Regular,0,Minor,Rural,2229.3680067038185
540,31,0,Sedan,Regular,0,Minor,Suburban,1000.0
541,52,4,SUV,High-end,0,Minor,Suburban,3570.318184791917
542,23,10,Truck,High-end,2,Minor,Suburban,10268.467006046838
543,47,9,Sedan,Regular,0,Minor,Urban,5387.18140564905
544,61,3,Truck,High-end,0,Moderate,Suburban,10302.013296468478
545,18,3,Truck,Regular,0,Minor,Urban,4689.471647828866
546,28,6,Truck,Regular,1,Minor,Suburban,4942.219252902301
547,48,2,SUV,Regular,1,Minor,Urban,5049.217601658705
548,36,5,Sports,Regular,1,Minor,Urban,4159.822728329153
549,45,7,Sports,High-end,1,Severe,Urban,39208.95975302162
550,30,8,Sedan,Regular,1,Minor,Suburban,3517.4206201501256
551,41,4,Truck,Regular,0,Minor,Suburban,4603.140197236049
552,37,4,SUV,Regular,3,Minor,Urban,8114.430483721495
553,57,2,Truck,High-end,1,Minor,Suburban,5670.744273190283
554,43,2,Truck,Regular,0,Minor,Urban,2883.0225378960113
555,45,4,SUV,High-end,0,Minor,Suburban,5802.268077201298
556,33,6,Sports,High-end,1,Minor,Suburban,9364.745789540711
557,32,7,Truck,High-end,0,Minor,Suburban,6689.264120979501
558,33,2,Truck,High-end,0,Minor,Suburban,4455.851454845707
559,45,9,Sports,Regular,1,Minor,Urban,8135.49394148002
560,33,4,SUV,High-end,0,Severe,Suburban,22263.545618498436
561,44,4,Sedan,Regular,0,Minor,Suburban,1973.9191558043756
562,71,2,Sports,Regular,0,Minor,Suburban,4506.425617534342
563,53,0,Sedan,Regular,0,Minor,Suburban,3497.265567658873
564,35,7,Sedan,High-end,1,Minor,Urban,7864.3900425588945
565,58,7,Sports,Regular,1,Moderate,Suburban,11071.051024690543
566,33,4,Truck,Regular,1,Minor,Suburban,3931.920553820681
567,18,5,Sedan,Regular,0,Moderate,Urban,9477.273822081263
568,24,6,Sedan,High-end,1,Minor,Urban,5868.339497019116
569,18,0,SUV,Regular,0,Minor,Urban,4398.579290921005
570,34,3,Truck,Regular,1,Moderate,Rural,5207.973372635572
571,40,7,Sedan,Regular,1,Minor,Suburban,4777.876272259603
572,65,1,SUV,High-end,1,Minor,Urban,5978.95448438884
573,44,5,Truck,Regular,0,Minor,Urban,6143.583235647469
574,36,0,Sports,High-end,1,Moderate,Suburban,12866.412756355528
575,52,6,Sports,High-end,0,Minor,Rural,4626.77976993807
576,18,4,SUV,Regular,0,Moderate,Urban,10928.627732077242
577,43,0,Sports,High-end,0,Minor,Urban,8301.24526642773
578,51,8,Sedan,High-end,0,Moderate,Rural,9282.286492599216
579,18,2,Truck,High-end,0,Minor,Urban,6316.912134963782
580,57,2,Sedan,Regular,1,Moderate,Urban,6953.986045642592
581,45,5,Sedan,Regular,0,Minor,Rural,2645.4272174057596
582,33,8,Sports,Regular,0,Severe,Suburban,20296.289600668566
583,49,1,Sedan,Regular,0,Minor,Urban,4842.346572463204
584,74,5,Sports,High-end,1,Minor,Urban,9425.576471726037
585,42,6,Truck,Regular,1,Minor,Urban,2873.651952892643
586,43,7,Truck,Regular,1,Minor,Urban,6130.855812756221
587,33,5,Sedan,High-end,1,Minor,Rural,3776.8426031826866
588,27,3,SUV,Regular,0,Severe,Suburban,13725.073443881553
589,52,2,Sports,Regular,0,Severe,Suburban,16131.3806342143
590,27,5,Sports,High-end,0,Minor,Rural,6432.046416606688
591,41,1,Sedan,High-end,1,Severe,Suburban,18444.68777855338
592,32,0,Sports,High-end,0,Minor,Urban,7033.053162258654
593,47,6,Sports,High-end,1,Minor,Suburban,7704.438812861842
594,45,7,SUV,Regular,2,Moderate,Rural,7734.6627951908295
595,55,0,SUV,Regular,1,Moderate,Rural,5299.599616577629
596,32,1,Sedan,Regular,0,Severe,Urban,11797.569960135163
597,35,6,SUV,Regular,0,Minor,Suburban,4478.928648571235
598,25,11,Sedan,High-end,0,Moderate,Suburban,13247.542323860465
599,33,5,Truck,Regular,2,Minor,Rural,5440.441239776674
600,45,2,Sedan,Regular,0,Minor,Urban,4555.349780288475
601,51,4,Truck,Regular,1,Minor,Suburban,3604.3250824098695
602,26,9,Sedan,Regular,0,Severe,Rural,12420.298374508964
603,53,3,Sports,Regular,0,Moderate,Suburban,7674.046616905528
604,60,2,SUV,Regular,1,Moderate,Suburban,7955.93210094085
605,46,3,Truck,Regular,2,Minor,Urban,4865.385801239892
606,68,2,Sedan,High-end,0,Minor,Urban,3926.7467766244154
607,28,5,SUV,High-end,1,Minor,Urban,7705.045342697405
608,21,9,Sedan,High-end,2,Minor,Rural,3067.432871845859
609,18,5,SUV,Regular,1,Minor,Urban,3694.024425594772
610,62,4,SUV,Regular,1,Moderate,Suburban,7742.5081162257175
611,49,4,Sedan,Regular,0,Minor,Suburban,3082.4417666348427
612,39,0,Truck,Regular,0,Minor,Urban,3530.6812298418113
613,44,7,Truck,Regular,1,Minor,Suburban,3246.8137012824013
614,23,4,Sports,Regular,1,Minor,Suburban,4627.108157861495
615,76,4,SUV,High-end,1,Minor,Rural,5143.209327237394
616,41,14,Sports,High-end,1,Severe,Suburban,42656.78177062836
617,41,5,Sports,Regular,0,Moderate,Suburban,9358.77688240406
618,50,2,Sedan,Regular,0,Moderate,Urban,7756.8337810369885
619,47,3,Sedan,Regular,1,Minor,Rural,2927.3970234592343
620,43,8,Sedan,High-end,0,Minor,Urban,5552.544346041788
621,28,5,SUV,High-end,3,Minor,Suburban,7031.997946588383
622,47,0,Sedan,Regular,0,Moderate,Urban,4597.1338427921455
623,68,7,Sedan,High-end,1,Moderate,Rural,8801.861009608583
624,60,2,SUV,High-end,1,Minor,Suburban,6557.100619221339
625,63,10,SUV,Regular,0,Minor,Suburban,5185.290084710968
626,32,8,Truck,High-end,0,Minor,Urban,9592.009325919122
627,25,3,Sedan,Regular,0,Moderate,Suburban,6022.114756201006
628,38,8,Sedan,High-end,0,Severe,Suburban,22346.09979451426
629,40,5,Sedan,High-end,0,Minor,Suburban,4494.19577355203
630,56,7,Truck,Regular,1,Minor,Urban,7263.085082569894
631,18,6,Sedan,Regular,1,Minor,Rural,3124.1432525578766
632,62,2,Truck,Regular,0,Minor,Rural,3567.2313738042767
633,37,3,Sports,Regular,0,Minor,Urban,6650.112364309855
634,33,8,Truck,High-end,1,Minor,Rural,5812.572371418795
635,24,3,Sports,Regular,1,Moderate,Suburban,10654.638987544173
636,18,3,Sedan,High-end,1,Moderate,Suburban,11725.1134252063
637,52,2,Sports,Regular,0,Minor,Urban,4816.996836069937
638,41,6,Truck,Regular,1,Moderate,Suburban,7974.107717493839
639,20,11,SUV,Regular,1,Minor,Suburban,7769.50705458491
640,20,1,Sports,Regular,0,Minor,Suburban,3861.485535662863
641,34,5,Sports,High-end,1,Minor,Suburban,7893.1310509375435
642,65,9,Sedan,High-end,0,Minor,Suburban,6593.506669451127
643,36,4,Truck,Regular,0,Minor,Suburban,3291.506096268798
644,18,6,Sports,Regular,1,Minor,Urban,6070.63208677787
645,36,1,Sports,Regular,1,Minor,Rural,3718.737296774834
646,35,6,Sports,High-end,2,Severe,Suburban,33306.92360208761
647,18,4,Sports,Regular,0,Minor,Urban,5652.09392313208
648,39,7,SUV,High-end,0,Minor,Urban,7535.038664315406
649,36,8,Truck,Regular,1,Minor,Suburban,4735.048103174836
650,50,12,Sedan,Regular,1,Moderate,Rural,5496.549056814254
651,67,6,Sedan,Regular,0,Minor,Urban,5494.177956204012
652,56,5,SUV,High-end,0,Moderate,Suburban,11353.538153949175
653,35,5,Truck,Regular,0,Minor,Urban,6306.1521177617415
654,23,3,Sports,Regular,0,Minor,Suburban,4483.713749819554
655,78,6,SUV,Regular,1,Minor,Rural,2551.9880183092364
656,40,4,Truck,Regular,0,Minor,Suburban,4169.180920255159
657,40,5,Sports,Regular,3,Minor,Urban,7096.7128736717805
658,39,8,SUV,Regular,0,Minor,Suburban,3022.238542008642
659,42,1,Truck,Regular,0,Minor,Urban,5564.784258787496
660,37,8,Sedan,High-end,1,Minor,Suburban,5152.729777106005
661,31,8,Sedan,High-end,0,Minor,Suburban,3409.7336152044318
662,31,4,Truck,Regular,0,Severe,Suburban,16928.16605395733
663,39,0,Sedan,High-end,0,Minor,Urban,3995.7019841873766
664,31,3,Truck,Regular,0,Moderate,Rural,5372.176107384375
665,29,8,Sports,Regular,0,Moderate,Suburban,8734.612412970026
666,41,4,Truck,Regular,0,Minor,Urban,6420.94148659699
667,36,2,Sports,Regular,1,Minor,Suburban,3248.0194127903123
668,62,3,SUV,Regular,2,Minor,Suburban,4198.44948070565
669,18,7,Truck,Regular,0,Moderate,Suburban,10565.120322540442
670,56,6,SUV,High-end,0,Moderate,Suburban,12121.716933003097
671,58,4,Sedan,Regular,1,Moderate,Suburban,6540.345688007809
672,18,3,Sports,High-end,0,Severe,Urban,32453.334141712578
673,34,3,Truck,Regular,0,Moderate,Rural,5170.275164232716
674,34,2,SUV,Regular,0,Minor,Suburban,3487.800338042522
675,18,9,Sports,Regular,0,Minor,Urban,6390.325930013004
676,28,4,Sports,High-end,0,Moderate,Suburban,13703.359459998768
677,23,8,Sedan,Regular,0,Minor,Rural,3761.7434088151417
678,66,9,Sedan,Regular,1,Minor,Rural,4152.502885800102
679,54,7,Sports,High-end,0,Moderate,Urban,16998.82064218732
680,59,3,Sports,High-end,0,Minor,Urban,9959.146054978954
681,50,6,Truck,High-end,1,Severe,Suburban,28652.479344554133
682,23,4,Sports,Regular,0,Moderate,Urban,11878.285846330937
683,32,2,Truck,High-end,0,Minor,Rural,5379.53658307664
684,47,5,Sports,Regular,0,Severe,Urban,24865.407771999973
685,21,1,Sedan,Regular,2,Minor,Urban,2719.2798989431303
686,50,8,Truck,Regular,0,Minor,Suburban,4324.737357508647
687,36,3,SUV,High-end,1,Minor,Urban,4452.568340126672
688,34,5,Sedan,Regular,0,Minor,Suburban,3317.651532648025
689,50,5,Truck,Regular,0,Minor,Suburban,4427.894241925141
690,46,4,Truck,Regular,1,Minor,Urban,5108.837884557241
691,34,6,SUV,Regular,0,Minor,Urban,4025.46642900169
692,57,3,Truck,Regular,1,Minor,Suburban,2061.735483811675
693,23,7,Sports,Regular,0,Moderate,Urban,13738.53368341177
694,49,0,SUV,Regular,1,Moderate,Suburban,8055.4344839153255
695,48,5,Sedan,Regular,1,Minor,Suburban,2846.4815442665686
696,35,10,Sedan,High-end,0,Minor,Suburban,6065.059929023145
697,44,1,Sports,High-end,0,Minor,Rural,3156.855686579949
698,21,2,Sedan,High-end,0,Minor,Rural,4087.213063692515
699,53,6,Truck,Regular,0,Moderate,Rural,6366.617702255343
700,37,5,Truck,Regular,1,Moderate,Urban,9962.582049397086
701,32,6,Sports,Regular,0,Minor,Urban,5089.63635878387
702,55,6,Sedan,Regular,0,Minor,Urban,3506.38841796699
703,29,6,Sedan,Regular,1,Minor,Rural,3242.433315692536
704,18,8,Sports,Regular,0,Moderate,Rural,7927.83679880448
705,18,6,SUV,Regular,0,Minor,Rural,3034.884668432147
706,49,4,Sedan,Regular,0,Severe,Urban,14358.528222000852
707,20,7,SUV,High-end,0,Moderate,Rural,9592.96077546814
708,66,10,Sedan,High-end,1,Minor,Suburban,7984.165201675018
709,18,4,Sedan,High-end,0,Minor,Urban,5086.504519938659
710,65,2,Sedan,Regular,0,Severe,Suburban,10330.56308636651
711,43,8,Sedan,Regular,1,Minor,Urban,3641.692050177502
712,38,4,Truck,Regular,0,Minor,Suburban,5698.480087138118
713,31,0,SUV,High-end,0,Minor,Urban,5952.905228599481
714,45,7,SUV,Regular,0,Moderate,Suburban,7163.407993756358
715,39,3,Sedan,Regular,0,Moderate,Suburban,6856.231558859969
716,56,4,Sedan,High-end,0,Moderate,Rural,7400.698694288878
717,41,5,SUV,Regular,0,Moderate,Suburban,7757.253421111502
718,42,5,Truck,High-end,0,Moderate,Suburban,11843.022791247548
719,34,7,Sports,Regular,0,Severe,Rural,15450.584013043026
720,39,3,Sports,Regular,0,Minor,Rural,3787.7660990546015
721,44,6,SUV,High-end,0,Minor,Urban,6474.91277000441
722,18,4,Sedan,High-end,4,Moderate,Suburban,15676.755629575106
723,19,7,Sedan,Regular,1,Moderate,Urban,8531.708894756895
724,51,6,Truck,Regular,1,Moderate,Urban,12690.156772854945
725,42,2,Sports,Regular,0,Minor,Suburban,4013.6811512021995
726,37,8,Truck,Regular,1,Moderate,Rural,8307.085734021106
727,40,3,Sports,Regular,0,Moderate,Urban,11183.157766629434
728,45,7,SUV,Regular,1,Minor,Rural,2933.7507049955643
729,31,6,Sports,Regular,0,Minor,Rural,4764.248384698636
730,28,10,Truck,Regular,1,Minor,Rural,1582.4561446188227
731,42,4,Truck,Regular,0,Minor,Urban,3960.0104667780606
732,25,3,Truck,Regular,0,Minor,Rural,2364.9371926589347
733,46,4,SUV,Regular,0,Minor,Urban,3066.4939876282383
734,18,4,Sports,Regular,1,Minor,Suburban,5230.045161921049
735,55,7,Sports,High-end,0,Moderate,Urban,18610.749968181695
736,47,0,Truck,Regular,0,Moderate,Urban,8502.659998499306
737,43,1,Sports,Regular,0,Moderate,Suburban,8115.876757200407
738,54,1,Sedan,High-end,1,Minor,Suburban,3665.5565351064533
739,64,7,Sedan,Regular,0,Minor,Urban,4419.0164378251675
740,55,10,Sedan,Regular,0,Moderate,Urban,9124.28569485085
741,18,4,Sports,High-end,2,Minor,Suburban,9846.056167936016
742,20,4,SUV,Regular,0,Severe,Urban,19784.936702931518
743,30,5,SUV,High-end,0,Moderate,Rural,9030.476413920629
744,40,8,SUV,High-end,1,Minor,Urban,7418.746993838743
745,47,2,SUV,Regular,1,Severe,Urban,16771.04984416792
746,29,5,Sedan,Regular,1,Minor,Urban,3575.2106403619664
747,42,7,Sedan,High-end,0,Minor,Suburban,4747.2336660837445
748,28,6,Truck,Regular,0,Moderate,Urban,10408.050427589753
749,30,5,Sports,Regular,0,Minor,Urban,6340.174390128059
750,18,8,Sports,High-end,2,Severe,Rural,33212.881306984615
751,26,0,SUV,High-end,0,Minor,Suburban,4516.124787900472
752,19,7,Sedan,Regular,0,Minor,Urban,4598.306305000004
753,25,3,SUV,High-end,1,Minor,Suburban,5745.844686867658
754,55,0,Truck,Regular,0,Moderate,Rural,4274.607742357044
755,25,6,Sports,Regular,1,Minor,Urban,5323.062102689291
756,79,9,Sports,Regular,0,Minor,Urban,5829.850641923127
757,47,4,SUV,High-end,0,Moderate,Suburban,11273.145453267787
758,42,7,Truck,Regular,0,Minor,Suburban,3684.5885619604323
759,27,9,Sports,Regular,1,Moderate,Suburban,11724.692962574061
760,50,8,Truck,Regular,0,Minor,Urban,5926.431287412317
761,31,9,Truck,High-end,0,Moderate,Urban,17485.68949642267
762,41,7,SUV,High-end,1,Moderate,Suburban,12285.467147833962
763,78,5,Sedan,Regular,0,Minor,Urban,4747.059356453641
764,38,0,SUV,Regular,0,Minor,Suburban,4127.350089355486
765,57,4,Sedan,High-end,0,Moderate,Suburban,7870.15014278144
766,29,2,Truck,Regular,0,Minor,Urban,3466.163130358846
767,39,11,Sedan,High-end,2,Severe,Rural,23511.09068314619
768,66,4,Truck,Regular,0,Minor,Rural,2973.146478744699
769,30,5,Sports,Regular,1,Minor,Suburban,2936.4720525481493
770,67,6,Sports,Regular,1,Minor,Urban,5035.318495267315
771,50,5,Sports,Regular,3,Severe,Urban,29000.63037482752
772,31,10,SUV,Regular,0,Minor,Suburban,3336.957349715398
773,49,3,SUV,Regular,1,Moderate,Urban,8694.576229363558
774,54,5,Truck,Regular,0,Moderate,Rural,6532.396213683579
775,49,2,Sports,Regular,1,Minor,Urban,6907.254604034729
776,18,1,SUV,Regular,1,Minor,Suburban,3521.046083772211
777,29,3,Sports,High-end,1,Moderate,Urban,18150.04179957276
778,36,4,SUV,High-end,0,Minor,Suburban,6828.76016203677
779,38,3,Sedan,Regular,0,Moderate,Urban,8334.309669352077
780,49,2,Sedan,Regular,0,Minor,Suburban,3034.754593385568
781,42,0,Sports,Regular,0,Minor,Urban,2536.7108521610257
782,19,4,Truck,High-end,2,Moderate,Rural,12816.024865403864
783,45,0,SUV,Regular,1,Minor,Urban,5008.399887813542
784,49,7,SUV,Regular,1,Minor,Rural,3482.9328945645834
785,48,5,Sedan,Regular,1,Minor,Rural,4494.583870075248
786,56,0,Sedan,Regular,1,Minor,Urban,4159.833561467458
787,52,4,Truck,Regular,0,Minor,Suburban,4468.273377152785
788,46,2,Truck,Regular,1,Moderate,Urban,10524.380711205838
789,38,5,Truck,Regular,1,Minor,Rural,3908.3698512608785
790,18,9,Sports,High-end,1,Minor,Suburban,7376.252000604647
791,46,0,Sedan,Regular,0,Moderate,Urban,5500.861048529634
792,43,5,Sports,Regular,0,Minor,Urban,6822.168027247853
793,44,4,Sedan,Regular,0,Minor,Urban,2792.408659901704
794,20,7,Sedan,High-end,0,Severe,Rural,17596.527494763064
795,23,5,SUV,Regular,0,Moderate,Urban,8855.163686096928
796,55,2,Sedan,Regular,0,Minor,Suburban,4533.922595201769
797,39,4,Sedan,High-end,0,Moderate,Suburban,10681.492457418015
798,50,2,Sports,Regular,0,Minor,Rural,2416.1311048592706
799,40,8,Sedan,Regular,1,Moderate,Urban,9387.298000389084
800,40,5,Sports,Regular,0,Minor,Suburban,4007.0059522359525
801,54,10,Truck,Regular,1,Minor,Suburban,5977.444639031378
802,32,4,Sedan,High-end,1,Minor,Suburban,5459.683077242329
803,41,2,Sedan,Regular,0,Minor,Urban,4111.705571613265
804,33,0,Sports,High-end,0,Minor,Urban,7081.918447707887
805,33,0,Truck,Regular,1,Severe,Urban,20095.406206388467
806,35,0,SUV,Regular,0,Minor,Suburban,1972.0762349892611
807,43,5,Truck,Regular,0,Minor,Urban,3164.3966455634854
808,32,6,Sports,High-end,1,Minor,Suburban,7650.659799298539
809,58,0,Truck,Regular,0,Minor,Urban,2332.011734439732
810,26,7,Sports,Regular,2,Moderate,Rural,8227.537729994006
811,37,3,Sports,Regular,2,Minor,Rural,3138.685345802033
812,33,5,SUV,Regular,0,Minor,Suburban,2827.8110945683725
813,61,9,Sedan,Regular,0,Minor,Urban,3395.38189804994
814,42,7,Sports,Regular,2,Moderate,Urban,15098.21895044541
815,55,4,Sports,Regular,1,Minor,Urban,5433.810938914665
816,18,2,SUV,High-end,0,Minor,Urban,6354.485425127521
817,44,0,Sports,High-end,0,Minor,Suburban,6519.232774500935
818,53,2,Sedan,Regular,0,Minor,Suburban,1983.6774752185738
819,41,4,SUV,Regular,1,Minor,Rural,2903.454101295278
820,55,2,Sedan,Regular,1,Moderate,Urban,7625.759986092917
821,32,4,Sedan,Regular,0,Moderate,Suburban,4058.4321993797785
822,61,5,SUV,High-end,1,Moderate,Suburban,9990.09449104942
823,74,4,Sports,Regular,0,Minor,Suburban,4846.117328797723
824,34,3,Sedan,High-end,0,Minor,Urban,5667.014280566898
825,33,5,Sedan,High-end,1,Minor,Suburban,7220.47013485241
826,61,6,Sedan,Regular,0,Severe,Suburban,13158.09487586681
827,63,1,Sedan,High-end,0,Minor,Suburban,4757.239717258095
828,32,9,SUV,Regular,0,Moderate,Rural,6764.527356414026
829,33,4,SUV,High-end,1,Minor,Urban,7425.227221585087
830,35,5,Truck,Regular,0,Minor,Urban,6542.256841749534
831,19,7,Truck,Regular,0,Minor,Suburban,2702.2571818743654
832,26,5,Sedan,High-end,0,Minor,Suburban,5101.116257571681
833,24,7,Sports,Regular,1,Severe,Urban,31538.586730077375
834,28,5,Sedan,Regular,1,Severe,Suburban,14032.034219209345
835,39,3,Sports,Regular,0,Minor,Rural,5100.5729632328475
836,43,6,Sedan,High-end,1,Minor,Rural,3660.7878504705577
837,63,1,Truck,Regular,2,Severe,Urban,19623.952505836285
838,25,5,Truck,Regular,0,Moderate,Rural,7183.524702388588
839,54,4,Sports,Regular,1,Minor,Suburban,2732.408920641229
840,36,4,Sedan,Regular,0,Minor,Suburban,1831.8221721497998
841,39,4,Sports,Regular,0,Minor,Suburban,3403.1249206160137
842,50,0,Truck,Regular,0,Minor,Rural,3422.0660780325275
843,23,3,Sedan,Regular,1,Minor,Suburban,4350.903105684055
844,45,5,Sedan,Regular,0,Minor,Urban,4074.0364427065333
845,42,5,Sports,Regular,0,Minor,Suburban,5511.602896855706
846,47,1,SUV,Regular,0,Minor,Suburban,2985.850587278226
847,44,8,Sports,Regular,0,Minor,Urban,7501.931669539543
848,76,2,Truck,Regular,1,Moderate,Rural,6300.7884426320725
849,30,7,Truck,High-end,2,Moderate,Suburban,15852.864047426756
850,32,6,Truck,Regular,0,Minor,Suburban,3959.4073667375887
851,30,3,Truck,Regular,0,Severe,Urban,18624.450477636427
852,31,10,Truck,Regular,0,Severe,Suburban,19078.801183387088
853,30,1,SUV,Regular,2,Minor,Urban,5512.431377198068
854,57,7,Sedan,Regular,1,Minor,Urban,3322.8508592839935
855,61,8,Sports,Regular,1,Moderate,Suburban,10451.083745271808
856,31,2,Sports,High-end,0,Moderate,Suburban,13062.426755126504
857,27,9,Truck,Regular,0,Severe,Suburban,18761.455785416987
858,47,4,Sports,Regular,1,Moderate,Urban,11426.108583846873
859,31,5,Truck,Regular,0,Moderate,Suburban,9015.05773247546
860,49,5,SUV,Regular,0,Minor,Urban,3892.7385859139154
861,43,4,SUV,Regular,0,Minor,Rural,2679.79874569963
862,18,7,Sedan,Regular,0,Minor,Suburban,5111.727950071159
863,63,7,SUV,High-end,1,Minor,Suburban,8221.642345810651
864,66,0,SUV,High-end,0,Moderate,Urban,12372.398210270327
865,30,8,Sedan,High-end,0,Minor,Urban,6017.874223066089
866,34,0,Sports,Regular,0,Moderate,Rural,7230.7029049844705
867,44,8,Truck,Regular,0,Minor,Urban,4511.047172231321
868,45,8,Truck,Regular,0,Minor,Suburban,3643.097125277939
869,49,1,Sports,Regular,0,Minor,Suburban,1587.044147375639
870,70,3,Sedan,Regular,0,Minor,Urban,5122.86820189853
871,37,1,Sports,Regular,0,Moderate,Rural,5436.020150923921
872,28,4,SUV,Regular,0,Moderate,Suburban,7073.46742025294
873,19,4,Sedan,Regular,2,Severe,Urban,18097.675658071716
874,29,7,Sedan,Regular,0,Minor,Urban,4745.1652483301405
875,39,8,Sedan,Regular,1,Minor,Urban,4244.36633928266
876,66,9,Truck,High-end,2,Minor,Rural,5481.18310956705
877,32,3,Sports,Regular,0,Minor,Suburban,4754.162564186061
878,43,4,Sedan,High-end,1,Moderate,Urban,10446.269975189773
879,39,0,Sedan,Regular,0,Moderate,Urban,5162.5942746845085
880,57,2,Sedan,Regular,0,Moderate,Suburban,3393.1108853739192
881,77,7,Sports,Regular,0,Minor,Suburban,3638.541887802393
882,32,9,Truck,High-end,1,Moderate,Suburban,15729.77916972048
883,32,1,SUV,Regular,1,Minor,Urban,2193.463961897075
884,55,3,Truck,High-end,0,Moderate,Urban,11973.854275378284
885,50,4,Sedan,Regular,0,Minor,Suburban,2997.631083867192
886,67,5,Truck,High-end,0,Minor,Rural,4331.3931039069475
887,48,2,Truck,Regular,0,Minor,Urban,6282.036635959309
888,34,6,SUV,Regular,2,Severe,Suburban,20553.896546024374
889,48,3,Sports,Regular,0,Minor,Suburban,3444.5775372488465
890,56,4,Sports,High-end,0,Minor,Suburban,7307.137618403482
891,52,6,Truck,High-end,0,Moderate,Urban,15959.28255687945
892,47,5,Truck,Regular,1,Minor,Rural,2977.521141975597
893,56,3,Sports,Regular,1,Minor,Suburban,3248.2084635017964
894,57,4,Sports,Regular,0,Minor,Suburban,4487.701550691942
895,60,4,SUV,High-end,1,Minor,Urban,6955.15432518589
896,49,3,Sedan,Regular,0,Severe,Urban,13364.23550302938
897,37,4,Truck,High-end,0,Moderate,Urban,14482.316868164486
898,42,9,Sports,High-end,0,Minor,Suburban,7405.520392994401
899,58,6,Truck,Regular,1,Severe,Urban,21156.002452420857
900,27,4,Truck,Regular,1,Minor,Suburban,4399.082970349832
901,45,7,Sports,High-end,0,Minor,Urban,9498.470092568876
902,34,3,SUV,High-end,1,Minor,Suburban,4515.855056099948
903,40,8,Truck,High-end,0,Minor,Suburban,7753.090610991081
904,59,6,SUV,Regular,0,Minor,Urban,2909.518862223922
905,42,4,Sports,Regular,0,Severe,Urban,21021.886541284355
906,40,6,Sedan,High-end,0,Moderate,Urban,11441.991463802391
907,19,0,Sedan,High-end,1,Minor,Suburban,3901.27628734807
908,51,1,Truck,Regular,0,Minor,Suburban,2847.4395264488076
909,49,1,Sports,Regular,1,Moderate,Urban,12266.074482308115
910,72,5,SUV,Regular,1,Severe,Suburban,15649.115910961102
911,35,10,Truck,High-end,0,Moderate,Urban,19991.221722471913
912,43,11,Sports,High-end,1,Minor,Urban,11945.876779731054
913,43,6,Sports,Regular,1,Moderate,Urban,12962.055137311994
914,63,6,SUV,Regular,0,Minor,Rural,3596.240353387666
915,38,0,Truck,High-end,0,Minor,Urban,8379.927749251952
916,44,3,Sports,Regular,0,Minor,Urban,4181.406996068552
917,49,2,Sports,High-end,1,Minor,Urban,7047.082081063611
918,42,3,Sports,Regular,2,Minor,Urban,5455.133803428079
919,33,4,SUV,Regular,0,Minor,Suburban,3632.143146964561
920,42,3,Truck,High-end,2,Minor,Urban,6347.228875187427
921,56,0,Truck,Regular,0,Moderate,Urban,7822.339239318608
922,24,7,Truck,Regular,0,Minor,Suburban,6519.797133413673
923,41,1,Truck,Regular,1,Minor,Urban,4655.907390624778
924,29,5,Sedan,Regular,1,Minor,Suburban,3144.8145410247234
925,57,11,Sedan,High-end,0,Severe,Suburban,22631.839551316374
926,18,2,Truck,Regular,0,Minor,Urban,5617.511704551565
927,31,0,SUV,High-end,0,Minor,Suburban,3674.1672267619524
928,45,4,Sedan,Regular,0,Minor,Urban,5446.395920599248
929,63,8,Sports,Regular,0,Moderate,Suburban,12433.359747714358
930,39,10,Sedan,Regular,0,Severe,Suburban,15256.750798661787
931,31,1,Sports,High-end,0,Minor,Urban,7075.984911923355
932,68,6,Truck,Regular,0,Minor,Suburban,5255.659808241559
933,18,3,Sedan,Regular,1,Severe,Rural,12226.798502227324
934,18,4,SUV,Regular,0,Minor,Rural,2362.0082689405845
935,46,12,Sedan,High-end,0,Moderate,Suburban,11473.444866863298
936,32,0,Sedan,High-end,1,Minor,Suburban,2802.6525653167046
937,24,5,Sedan,Regular,1,Minor,Urban,4946.564938334057
938,50,6,Truck,Regular,1,Minor,Urban,6243.627883456891
939,43,8,SUV,High-end,1,Minor,Suburban,5580.074362138728
940,31,5,Sedan,Regular,0,Moderate,Urban,7044.8010951838405
941,20,5,SUV,Regular,1,Severe,Rural,13172.746082418653
942,53,3,Truck,Regular,1,Minor,Urban,4034.700189756162
943,49,5,Sports,High-end,1,Moderate,Urban,19113.5170602263
944,38,3,Sedan,High-end,0,Minor,Urban,4441.51793332172
945,67,6,SUV,Regular,0,Minor,Rural,2819.1740439677014
946,23,3,SUV,High-end,1,Minor,Suburban,4634.438272052683
947,18,6,Truck,Regular,0,Severe,Suburban,18776.990209724663
948,29,4,Sedan,Regular,0,Moderate,Urban,7155.7266801553515
949,39,8,Sports,Regular,1,Moderate,Rural,8511.040749966838
950,43,4,SUV,Regular,0,Moderate,Urban,8450.985702317526
951,36,0,Sedan,Regular,0,Moderate,Rural,4180.294880503445
952,45,8,Sports,High-end,0,Severe,Suburban,30685.131851090657
953,21,2,SUV,Regular,0,Moderate,Urban,7235.737455998221
954,61,3,SUV,Regular,0,Severe,Suburban,15605.574432686815
955,38,3,Sports,Regular,1,Minor,Suburban,4110.477295289727
956,56,9,Sports,High-end,0,Minor,Urban,9690.739896813111
957,45,0,Truck,High-end,0,Minor,Rural,4910.839735020314
958,46,14,Sedan,High-end,3,Minor,Suburban,11816.555187570484
959,48,8,Sedan,Regular,0,Minor,Urban,2955.5135501111345
960,46,5,Truck,Regular,0,Minor,Urban,5324.82721372651
961,49,4,SUV,Regular,0,Moderate,Suburban,6492.447714705893
962,59,5,Sports,High-end,0,Minor,Suburban,6492.459695423289
963,42,6,Sports,High-end,2,Minor,Suburban,8054.78797899321
964,50,6,Sports,Regular,0,Minor,Suburban,3749.345032199415
965,38,6,SUV,Regular,1,Severe,Suburban,17118.70863821534
966,61,5,Sports,High-end,0,Minor,Rural,4150.497312951764
967,29,4,Sports,Regular,1,Minor,Suburban,5896.80756651187
968,67,4,Truck,High-end,0,Moderate,Rural,9415.002936033374
969,39,4,SUV,Regular,0,Moderate,Urban,9062.43497290144
970,18,8,Sedan,Regular,1,Minor,Urban,4615.811388053776
971,41,6,Truck,High-end,0,Minor,Urban,7237.796065788251
972,29,0,Truck,High-end,1,Minor,Suburban,5650.063905167328
973,52,6,Sedan,Regular,0,Severe,Rural,9235.949367594174
974,30,5,Truck,High-end,1,Minor,Urban,7685.759565586665
975,33,4,SUV,Regular,1,Minor,Urban,3892.386486121546
976,18,3,Sports,Regular,1,Minor,Rural,3283.9311894089856
977,33,8,SUV,Regular,1,Minor,Urban,3434.1617593743586
978,18,7,Sedan,Regular,1,Moderate,Suburban,9506.826589480002
979,18,2,Sedan,Regular,0,Minor,Suburban,2338.4612468462315
980,51,6,Truck,High-end,0,Minor,Rural,6233.37605516355
981,51,2,SUV,Regular,0,Minor,Urban,5028.792321394292
982,46,0,SUV,Regular,0,Minor,Urban,2314.0002934835065
983,25,3,Sedan,Regular,1,Minor,Suburban,2390.3387643271544
984,39,7,SUV,High-end,1,Moderate,Rural,13252.502959355683
985,39,7,Sedan,High-end,0,Moderate,Suburban,11875.925941927144
986,22,6,SUV,Regular,0,Severe,Urban,20560.481486671895
987,62,7,SUV,High-end,0,Moderate,Suburban,12407.37310641735
988,53,6,SUV,Regular,0,Moderate,Rural,5609.153597052811
989,36,3,Sedan,Regular,0,Minor,Rural,2732.35271420034
990,40,6,Truck,Regular,0,Moderate,Rural,6042.818099277529
991,43,7,SUV,Regular,0,Moderate,Urban,7687.646235701615
992,18,7,Sedan,Regular,0,Moderate,Urban,7588.444213488949
993,36,8,Sedan,Regular,0,Minor,Suburban,3521.0927478505873
994,29,7,SUV,High-end,0,Minor,Rural,3728.9327644974123
995,24,6,SUV,Regular,2,Moderate,Urban,12287.922535086464
996,35,8,Truck,Regular,0,Moderate,Urban,9845.338960567136
997,66,4,Sedan,Regular,2,Severe,Suburban,13617.646077498006
998,49,2,Sedan,Regular,0,Minor,Urban,4153.1653064131915
999,31,4,Sports,Regular,1,Minor,Urban,6187.480547640105
1000,48,2,Sedan,Regular,0,Minor,Suburban,2740.3355786866528
